<application>
  <component name="ProjectJdkTable">
    <jdk version="2">
      <name value="21" />
      <type value="JavaSDK" />
      <version value="21.0.5" />
      <homePath value="/nix/store/f042x32jfm94d3cgaga8d6xl8vy6sg46-openjdk-21.0.5+11/lib/openjdk" />
      <roots>
        <annotationsPath>
          <root type="composite">
            <root url="jar://$APPLICATION_HOME_DIR$/plugins/java/lib/resources/jdkAnnotations.jar!/" type="simple" />
          </root>
        </annotationsPath>
        <classPath>
          <root type="composite">
            <root url="jrt:///nix/store/f042x32jfm94d3cgaga8d6xl8vy6sg46-openjdk-21.0.5+11/lib/openjdk!/java.base" type="simple" />
            <root url="jrt:///nix/store/f042x32jfm94d3cgaga8d6xl8vy6sg46-openjdk-21.0.5+11/lib/openjdk!/java.compiler" type="simple" />
            <root url="jrt:///nix/store/f042x32jfm94d3cgaga8d6xl8vy6sg46-openjdk-21.0.5+11/lib/openjdk!/java.datatransfer" type="simple" />
            <root url="jrt:///nix/store/f042x32jfm94d3cgaga8d6xl8vy6sg46-openjdk-21.0.5+11/lib/openjdk!/java.desktop" type="simple" />
            <root url="jrt:///nix/store/f042x32jfm94d3cgaga8d6xl8vy6sg46-openjdk-21.0.5+11/lib/openjdk!/java.instrument" type="simple" />
            <root url="jrt:///nix/store/f042x32jfm94d3cgaga8d6xl8vy6sg46-openjdk-21.0.5+11/lib/openjdk!/java.logging" type="simple" />
            <root url="jrt:///nix/store/f042x32jfm94d3cgaga8d6xl8vy6sg46-openjdk-21.0.5+11/lib/openjdk!/java.management" type="simple" />
            <root url="jrt:///nix/store/f042x32jfm94d3cgaga8d6xl8vy6sg46-openjdk-21.0.5+11/lib/openjdk!/java.management.rmi" type="simple" />
            <root url="jrt:///nix/store/f042x32jfm94d3cgaga8d6xl8vy6sg46-openjdk-21.0.5+11/lib/openjdk!/java.naming" type="simple" />
            <root url="jrt:///nix/store/f042x32jfm94d3cgaga8d6xl8vy6sg46-openjdk-21.0.5+11/lib/openjdk!/java.net.http" type="simple" />
            <root url="jrt:///nix/store/f042x32jfm94d3cgaga8d6xl8vy6sg46-openjdk-21.0.5+11/lib/openjdk!/java.prefs" type="simple" />
            <root url="jrt:///nix/store/f042x32jfm94d3cgaga8d6xl8vy6sg46-openjdk-21.0.5+11/lib/openjdk!/java.rmi" type="simple" />
            <root url="jrt:///nix/store/f042x32jfm94d3cgaga8d6xl8vy6sg46-openjdk-21.0.5+11/lib/openjdk!/java.scripting" type="simple" />
            <root url="jrt:///nix/store/f042x32jfm94d3cgaga8d6xl8vy6sg46-openjdk-21.0.5+11/lib/openjdk!/java.se" type="simple" />
            <root url="jrt:///nix/store/f042x32jfm94d3cgaga8d6xl8vy6sg46-openjdk-21.0.5+11/lib/openjdk!/java.security.jgss" type="simple" />
            <root url="jrt:///nix/store/f042x32jfm94d3cgaga8d6xl8vy6sg46-openjdk-21.0.5+11/lib/openjdk!/java.security.sasl" type="simple" />
            <root url="jrt:///nix/store/f042x32jfm94d3cgaga8d6xl8vy6sg46-openjdk-21.0.5+11/lib/openjdk!/java.smartcardio" type="simple" />
            <root url="jrt:///nix/store/f042x32jfm94d3cgaga8d6xl8vy6sg46-openjdk-21.0.5+11/lib/openjdk!/java.sql" type="simple" />
            <root url="jrt:///nix/store/f042x32jfm94d3cgaga8d6xl8vy6sg46-openjdk-21.0.5+11/lib/openjdk!/java.sql.rowset" type="simple" />
            <root url="jrt:///nix/store/f042x32jfm94d3cgaga8d6xl8vy6sg46-openjdk-21.0.5+11/lib/openjdk!/java.transaction.xa" type="simple" />
            <root url="jrt:///nix/store/f042x32jfm94d3cgaga8d6xl8vy6sg46-openjdk-21.0.5+11/lib/openjdk!/java.xml" type="simple" />
            <root url="jrt:///nix/store/f042x32jfm94d3cgaga8d6xl8vy6sg46-openjdk-21.0.5+11/lib/openjdk!/java.xml.crypto" type="simple" />
            <root url="jrt:///nix/store/f042x32jfm94d3cgaga8d6xl8vy6sg46-openjdk-21.0.5+11/lib/openjdk!/jdk.accessibility" type="simple" />
            <root url="jrt:///nix/store/f042x32jfm94d3cgaga8d6xl8vy6sg46-openjdk-21.0.5+11/lib/openjdk!/jdk.attach" type="simple" />
            <root url="jrt:///nix/store/f042x32jfm94d3cgaga8d6xl8vy6sg46-openjdk-21.0.5+11/lib/openjdk!/jdk.charsets" type="simple" />
            <root url="jrt:///nix/store/f042x32jfm94d3cgaga8d6xl8vy6sg46-openjdk-21.0.5+11/lib/openjdk!/jdk.compiler" type="simple" />
            <root url="jrt:///nix/store/f042x32jfm94d3cgaga8d6xl8vy6sg46-openjdk-21.0.5+11/lib/openjdk!/jdk.crypto.cryptoki" type="simple" />
            <root url="jrt:///nix/store/f042x32jfm94d3cgaga8d6xl8vy6sg46-openjdk-21.0.5+11/lib/openjdk!/jdk.crypto.ec" type="simple" />
            <root url="jrt:///nix/store/f042x32jfm94d3cgaga8d6xl8vy6sg46-openjdk-21.0.5+11/lib/openjdk!/jdk.dynalink" type="simple" />
            <root url="jrt:///nix/store/f042x32jfm94d3cgaga8d6xl8vy6sg46-openjdk-21.0.5+11/lib/openjdk!/jdk.editpad" type="simple" />
            <root url="jrt:///nix/store/f042x32jfm94d3cgaga8d6xl8vy6sg46-openjdk-21.0.5+11/lib/openjdk!/jdk.hotspot.agent" type="simple" />
            <root url="jrt:///nix/store/f042x32jfm94d3cgaga8d6xl8vy6sg46-openjdk-21.0.5+11/lib/openjdk!/jdk.httpserver" type="simple" />
            <root url="jrt:///nix/store/f042x32jfm94d3cgaga8d6xl8vy6sg46-openjdk-21.0.5+11/lib/openjdk!/jdk.incubator.vector" type="simple" />
            <root url="jrt:///nix/store/f042x32jfm94d3cgaga8d6xl8vy6sg46-openjdk-21.0.5+11/lib/openjdk!/jdk.internal.ed" type="simple" />
            <root url="jrt:///nix/store/f042x32jfm94d3cgaga8d6xl8vy6sg46-openjdk-21.0.5+11/lib/openjdk!/jdk.internal.jvmstat" type="simple" />
            <root url="jrt:///nix/store/f042x32jfm94d3cgaga8d6xl8vy6sg46-openjdk-21.0.5+11/lib/openjdk!/jdk.internal.le" type="simple" />
            <root url="jrt:///nix/store/f042x32jfm94d3cgaga8d6xl8vy6sg46-openjdk-21.0.5+11/lib/openjdk!/jdk.internal.opt" type="simple" />
            <root url="jrt:///nix/store/f042x32jfm94d3cgaga8d6xl8vy6sg46-openjdk-21.0.5+11/lib/openjdk!/jdk.internal.vm.ci" type="simple" />
            <root url="jrt:///nix/store/f042x32jfm94d3cgaga8d6xl8vy6sg46-openjdk-21.0.5+11/lib/openjdk!/jdk.internal.vm.compiler" type="simple" />
            <root url="jrt:///nix/store/f042x32jfm94d3cgaga8d6xl8vy6sg46-openjdk-21.0.5+11/lib/openjdk!/jdk.internal.vm.compiler.management" type="simple" />
            <root url="jrt:///nix/store/f042x32jfm94d3cgaga8d6xl8vy6sg46-openjdk-21.0.5+11/lib/openjdk!/jdk.jartool" type="simple" />
            <root url="jrt:///nix/store/f042x32jfm94d3cgaga8d6xl8vy6sg46-openjdk-21.0.5+11/lib/openjdk!/jdk.javadoc" type="simple" />
            <root url="jrt:///nix/store/f042x32jfm94d3cgaga8d6xl8vy6sg46-openjdk-21.0.5+11/lib/openjdk!/jdk.jcmd" type="simple" />
            <root url="jrt:///nix/store/f042x32jfm94d3cgaga8d6xl8vy6sg46-openjdk-21.0.5+11/lib/openjdk!/jdk.jconsole" type="simple" />
            <root url="jrt:///nix/store/f042x32jfm94d3cgaga8d6xl8vy6sg46-openjdk-21.0.5+11/lib/openjdk!/jdk.jdeps" type="simple" />
            <root url="jrt:///nix/store/f042x32jfm94d3cgaga8d6xl8vy6sg46-openjdk-21.0.5+11/lib/openjdk!/jdk.jdi" type="simple" />
            <root url="jrt:///nix/store/f042x32jfm94d3cgaga8d6xl8vy6sg46-openjdk-21.0.5+11/lib/openjdk!/jdk.jdwp.agent" type="simple" />
            <root url="jrt:///nix/store/f042x32jfm94d3cgaga8d6xl8vy6sg46-openjdk-21.0.5+11/lib/openjdk!/jdk.jfr" type="simple" />
            <root url="jrt:///nix/store/f042x32jfm94d3cgaga8d6xl8vy6sg46-openjdk-21.0.5+11/lib/openjdk!/jdk.jlink" type="simple" />
            <root url="jrt:///nix/store/f042x32jfm94d3cgaga8d6xl8vy6sg46-openjdk-21.0.5+11/lib/openjdk!/jdk.jpackage" type="simple" />
            <root url="jrt:///nix/store/f042x32jfm94d3cgaga8d6xl8vy6sg46-openjdk-21.0.5+11/lib/openjdk!/jdk.jshell" type="simple" />
            <root url="jrt:///nix/store/f042x32jfm94d3cgaga8d6xl8vy6sg46-openjdk-21.0.5+11/lib/openjdk!/jdk.jsobject" type="simple" />
            <root url="jrt:///nix/store/f042x32jfm94d3cgaga8d6xl8vy6sg46-openjdk-21.0.5+11/lib/openjdk!/jdk.jstatd" type="simple" />
            <root url="jrt:///nix/store/f042x32jfm94d3cgaga8d6xl8vy6sg46-openjdk-21.0.5+11/lib/openjdk!/jdk.localedata" type="simple" />
            <root url="jrt:///nix/store/f042x32jfm94d3cgaga8d6xl8vy6sg46-openjdk-21.0.5+11/lib/openjdk!/jdk.management" type="simple" />
            <root url="jrt:///nix/store/f042x32jfm94d3cgaga8d6xl8vy6sg46-openjdk-21.0.5+11/lib/openjdk!/jdk.management.agent" type="simple" />
            <root url="jrt:///nix/store/f042x32jfm94d3cgaga8d6xl8vy6sg46-openjdk-21.0.5+11/lib/openjdk!/jdk.management.jfr" type="simple" />
            <root url="jrt:///nix/store/f042x32jfm94d3cgaga8d6xl8vy6sg46-openjdk-21.0.5+11/lib/openjdk!/jdk.naming.dns" type="simple" />
            <root url="jrt:///nix/store/f042x32jfm94d3cgaga8d6xl8vy6sg46-openjdk-21.0.5+11/lib/openjdk!/jdk.naming.rmi" type="simple" />
            <root url="jrt:///nix/store/f042x32jfm94d3cgaga8d6xl8vy6sg46-openjdk-21.0.5+11/lib/openjdk!/jdk.net" type="simple" />
            <root url="jrt:///nix/store/f042x32jfm94d3cgaga8d6xl8vy6sg46-openjdk-21.0.5+11/lib/openjdk!/jdk.nio.mapmode" type="simple" />
            <root url="jrt:///nix/store/f042x32jfm94d3cgaga8d6xl8vy6sg46-openjdk-21.0.5+11/lib/openjdk!/jdk.random" type="simple" />
            <root url="jrt:///nix/store/f042x32jfm94d3cgaga8d6xl8vy6sg46-openjdk-21.0.5+11/lib/openjdk!/jdk.sctp" type="simple" />
            <root url="jrt:///nix/store/f042x32jfm94d3cgaga8d6xl8vy6sg46-openjdk-21.0.5+11/lib/openjdk!/jdk.security.auth" type="simple" />
            <root url="jrt:///nix/store/f042x32jfm94d3cgaga8d6xl8vy6sg46-openjdk-21.0.5+11/lib/openjdk!/jdk.security.jgss" type="simple" />
            <root url="jrt:///nix/store/f042x32jfm94d3cgaga8d6xl8vy6sg46-openjdk-21.0.5+11/lib/openjdk!/jdk.unsupported" type="simple" />
            <root url="jrt:///nix/store/f042x32jfm94d3cgaga8d6xl8vy6sg46-openjdk-21.0.5+11/lib/openjdk!/jdk.unsupported.desktop" type="simple" />
            <root url="jrt:///nix/store/f042x32jfm94d3cgaga8d6xl8vy6sg46-openjdk-21.0.5+11/lib/openjdk!/jdk.xml.dom" type="simple" />
            <root url="jrt:///nix/store/f042x32jfm94d3cgaga8d6xl8vy6sg46-openjdk-21.0.5+11/lib/openjdk!/jdk.zipfs" type="simple" />
          </root>
        </classPath>
        <javadocPath>
          <root type="composite" />
        </javadocPath>
        <sourcePath>
          <root type="composite">
            <root url="jar:///nix/store/f042x32jfm94d3cgaga8d6xl8vy6sg46-openjdk-21.0.5+11/lib/openjdk/lib/src.zip!/java.se" type="simple" />
            <root url="jar:///nix/store/f042x32jfm94d3cgaga8d6xl8vy6sg46-openjdk-21.0.5+11/lib/openjdk/lib/src.zip!/jdk.jdi" type="simple" />
            <root url="jar:///nix/store/f042x32jfm94d3cgaga8d6xl8vy6sg46-openjdk-21.0.5+11/lib/openjdk/lib/src.zip!/jdk.jfr" type="simple" />
            <root url="jar:///nix/store/f042x32jfm94d3cgaga8d6xl8vy6sg46-openjdk-21.0.5+11/lib/openjdk/lib/src.zip!/jdk.net" type="simple" />
            <root url="jar:///nix/store/f042x32jfm94d3cgaga8d6xl8vy6sg46-openjdk-21.0.5+11/lib/openjdk/lib/src.zip!/java.rmi" type="simple" />
            <root url="jar:///nix/store/f042x32jfm94d3cgaga8d6xl8vy6sg46-openjdk-21.0.5+11/lib/openjdk/lib/src.zip!/java.sql" type="simple" />
            <root url="jar:///nix/store/f042x32jfm94d3cgaga8d6xl8vy6sg46-openjdk-21.0.5+11/lib/openjdk/lib/src.zip!/java.xml" type="simple" />
            <root url="jar:///nix/store/f042x32jfm94d3cgaga8d6xl8vy6sg46-openjdk-21.0.5+11/lib/openjdk/lib/src.zip!/jdk.jcmd" type="simple" />
            <root url="jar:///nix/store/f042x32jfm94d3cgaga8d6xl8vy6sg46-openjdk-21.0.5+11/lib/openjdk/lib/src.zip!/jdk.sctp" type="simple" />
            <root url="jar:///nix/store/f042x32jfm94d3cgaga8d6xl8vy6sg46-openjdk-21.0.5+11/lib/openjdk/lib/src.zip!/java.base" type="simple" />
            <root url="jar:///nix/store/f042x32jfm94d3cgaga8d6xl8vy6sg46-openjdk-21.0.5+11/lib/openjdk/lib/src.zip!/jdk.jdeps" type="simple" />
            <root url="jar:///nix/store/f042x32jfm94d3cgaga8d6xl8vy6sg46-openjdk-21.0.5+11/lib/openjdk/lib/src.zip!/jdk.jlink" type="simple" />
            <root url="jar:///nix/store/f042x32jfm94d3cgaga8d6xl8vy6sg46-openjdk-21.0.5+11/lib/openjdk/lib/src.zip!/jdk.zipfs" type="simple" />
            <root url="jar:///nix/store/f042x32jfm94d3cgaga8d6xl8vy6sg46-openjdk-21.0.5+11/lib/openjdk/lib/src.zip!/java.prefs" type="simple" />
            <root url="jar:///nix/store/f042x32jfm94d3cgaga8d6xl8vy6sg46-openjdk-21.0.5+11/lib/openjdk/lib/src.zip!/jdk.attach" type="simple" />
            <root url="jar:///nix/store/f042x32jfm94d3cgaga8d6xl8vy6sg46-openjdk-21.0.5+11/lib/openjdk/lib/src.zip!/jdk.jshell" type="simple" />
            <root url="jar:///nix/store/f042x32jfm94d3cgaga8d6xl8vy6sg46-openjdk-21.0.5+11/lib/openjdk/lib/src.zip!/jdk.jstatd" type="simple" />
            <root url="jar:///nix/store/f042x32jfm94d3cgaga8d6xl8vy6sg46-openjdk-21.0.5+11/lib/openjdk/lib/src.zip!/jdk.random" type="simple" />
            <root url="jar:///nix/store/f042x32jfm94d3cgaga8d6xl8vy6sg46-openjdk-21.0.5+11/lib/openjdk/lib/src.zip!/java.naming" type="simple" />
            <root url="jar:///nix/store/f042x32jfm94d3cgaga8d6xl8vy6sg46-openjdk-21.0.5+11/lib/openjdk/lib/src.zip!/jdk.editpad" type="simple" />
            <root url="jar:///nix/store/f042x32jfm94d3cgaga8d6xl8vy6sg46-openjdk-21.0.5+11/lib/openjdk/lib/src.zip!/jdk.jartool" type="simple" />
            <root url="jar:///nix/store/f042x32jfm94d3cgaga8d6xl8vy6sg46-openjdk-21.0.5+11/lib/openjdk/lib/src.zip!/jdk.javadoc" type="simple" />
            <root url="jar:///nix/store/f042x32jfm94d3cgaga8d6xl8vy6sg46-openjdk-21.0.5+11/lib/openjdk/lib/src.zip!/jdk.xml.dom" type="simple" />
            <root url="jar:///nix/store/f042x32jfm94d3cgaga8d6xl8vy6sg46-openjdk-21.0.5+11/lib/openjdk/lib/src.zip!/java.desktop" type="simple" />
            <root url="jar:///nix/store/f042x32jfm94d3cgaga8d6xl8vy6sg46-openjdk-21.0.5+11/lib/openjdk/lib/src.zip!/java.logging" type="simple" />
            <root url="jar:///nix/store/f042x32jfm94d3cgaga8d6xl8vy6sg46-openjdk-21.0.5+11/lib/openjdk/lib/src.zip!/jdk.charsets" type="simple" />
            <root url="jar:///nix/store/f042x32jfm94d3cgaga8d6xl8vy6sg46-openjdk-21.0.5+11/lib/openjdk/lib/src.zip!/jdk.compiler" type="simple" />
            <root url="jar:///nix/store/f042x32jfm94d3cgaga8d6xl8vy6sg46-openjdk-21.0.5+11/lib/openjdk/lib/src.zip!/jdk.dynalink" type="simple" />
            <root url="jar:///nix/store/f042x32jfm94d3cgaga8d6xl8vy6sg46-openjdk-21.0.5+11/lib/openjdk/lib/src.zip!/jdk.jconsole" type="simple" />
            <root url="jar:///nix/store/f042x32jfm94d3cgaga8d6xl8vy6sg46-openjdk-21.0.5+11/lib/openjdk/lib/src.zip!/jdk.jpackage" type="simple" />
            <root url="jar:///nix/store/f042x32jfm94d3cgaga8d6xl8vy6sg46-openjdk-21.0.5+11/lib/openjdk/lib/src.zip!/jdk.jsobject" type="simple" />
            <root url="jar:///nix/store/f042x32jfm94d3cgaga8d6xl8vy6sg46-openjdk-21.0.5+11/lib/openjdk/lib/src.zip!/java.compiler" type="simple" />
            <root url="jar:///nix/store/f042x32jfm94d3cgaga8d6xl8vy6sg46-openjdk-21.0.5+11/lib/openjdk/lib/src.zip!/java.net.http" type="simple" />
            <root url="jar:///nix/store/f042x32jfm94d3cgaga8d6xl8vy6sg46-openjdk-21.0.5+11/lib/openjdk/lib/src.zip!/jdk.crypto.ec" type="simple" />
            <root url="jar:///nix/store/f042x32jfm94d3cgaga8d6xl8vy6sg46-openjdk-21.0.5+11/lib/openjdk/lib/src.zip!/java.scripting" type="simple" />
            <root url="jar:///nix/store/f042x32jfm94d3cgaga8d6xl8vy6sg46-openjdk-21.0.5+11/lib/openjdk/lib/src.zip!/jdk.httpserver" type="simple" />
            <root url="jar:///nix/store/f042x32jfm94d3cgaga8d6xl8vy6sg46-openjdk-21.0.5+11/lib/openjdk/lib/src.zip!/jdk.jdwp.agent" type="simple" />
            <root url="jar:///nix/store/f042x32jfm94d3cgaga8d6xl8vy6sg46-openjdk-21.0.5+11/lib/openjdk/lib/src.zip!/jdk.localedata" type="simple" />
            <root url="jar:///nix/store/f042x32jfm94d3cgaga8d6xl8vy6sg46-openjdk-21.0.5+11/lib/openjdk/lib/src.zip!/jdk.management" type="simple" />
            <root url="jar:///nix/store/f042x32jfm94d3cgaga8d6xl8vy6sg46-openjdk-21.0.5+11/lib/openjdk/lib/src.zip!/jdk.naming.dns" type="simple" />
            <root url="jar:///nix/store/f042x32jfm94d3cgaga8d6xl8vy6sg46-openjdk-21.0.5+11/lib/openjdk/lib/src.zip!/jdk.naming.rmi" type="simple" />
            <root url="jar:///nix/store/f042x32jfm94d3cgaga8d6xl8vy6sg46-openjdk-21.0.5+11/lib/openjdk/lib/src.zip!/java.instrument" type="simple" />
            <root url="jar:///nix/store/f042x32jfm94d3cgaga8d6xl8vy6sg46-openjdk-21.0.5+11/lib/openjdk/lib/src.zip!/java.management" type="simple" />
            <root url="jar:///nix/store/f042x32jfm94d3cgaga8d6xl8vy6sg46-openjdk-21.0.5+11/lib/openjdk/lib/src.zip!/java.sql.rowset" type="simple" />
            <root url="jar:///nix/store/f042x32jfm94d3cgaga8d6xl8vy6sg46-openjdk-21.0.5+11/lib/openjdk/lib/src.zip!/java.xml.crypto" type="simple" />
            <root url="jar:///nix/store/f042x32jfm94d3cgaga8d6xl8vy6sg46-openjdk-21.0.5+11/lib/openjdk/lib/src.zip!/jdk.internal.ed" type="simple" />
            <root url="jar:///nix/store/f042x32jfm94d3cgaga8d6xl8vy6sg46-openjdk-21.0.5+11/lib/openjdk/lib/src.zip!/jdk.internal.le" type="simple" />
            <root url="jar:///nix/store/f042x32jfm94d3cgaga8d6xl8vy6sg46-openjdk-21.0.5+11/lib/openjdk/lib/src.zip!/jdk.nio.mapmode" type="simple" />
            <root url="jar:///nix/store/f042x32jfm94d3cgaga8d6xl8vy6sg46-openjdk-21.0.5+11/lib/openjdk/lib/src.zip!/jdk.unsupported" type="simple" />
            <root url="jar:///nix/store/f042x32jfm94d3cgaga8d6xl8vy6sg46-openjdk-21.0.5+11/lib/openjdk/lib/src.zip!/java.smartcardio" type="simple" />
            <root url="jar:///nix/store/f042x32jfm94d3cgaga8d6xl8vy6sg46-openjdk-21.0.5+11/lib/openjdk/lib/src.zip!/jdk.internal.opt" type="simple" />
            <root url="jar:///nix/store/f042x32jfm94d3cgaga8d6xl8vy6sg46-openjdk-21.0.5+11/lib/openjdk/lib/src.zip!/java.datatransfer" type="simple" />
            <root url="jar:///nix/store/f042x32jfm94d3cgaga8d6xl8vy6sg46-openjdk-21.0.5+11/lib/openjdk/lib/src.zip!/jdk.accessibility" type="simple" />
            <root url="jar:///nix/store/f042x32jfm94d3cgaga8d6xl8vy6sg46-openjdk-21.0.5+11/lib/openjdk/lib/src.zip!/jdk.hotspot.agent" type="simple" />
            <root url="jar:///nix/store/f042x32jfm94d3cgaga8d6xl8vy6sg46-openjdk-21.0.5+11/lib/openjdk/lib/src.zip!/jdk.security.auth" type="simple" />
            <root url="jar:///nix/store/f042x32jfm94d3cgaga8d6xl8vy6sg46-openjdk-21.0.5+11/lib/openjdk/lib/src.zip!/jdk.security.jgss" type="simple" />
            <root url="jar:///nix/store/f042x32jfm94d3cgaga8d6xl8vy6sg46-openjdk-21.0.5+11/lib/openjdk/lib/src.zip!/java.security.jgss" type="simple" />
            <root url="jar:///nix/store/f042x32jfm94d3cgaga8d6xl8vy6sg46-openjdk-21.0.5+11/lib/openjdk/lib/src.zip!/java.security.sasl" type="simple" />
            <root url="jar:///nix/store/f042x32jfm94d3cgaga8d6xl8vy6sg46-openjdk-21.0.5+11/lib/openjdk/lib/src.zip!/jdk.internal.vm.ci" type="simple" />
            <root url="jar:///nix/store/f042x32jfm94d3cgaga8d6xl8vy6sg46-openjdk-21.0.5+11/lib/openjdk/lib/src.zip!/jdk.management.jfr" type="simple" />
            <root url="jar:///nix/store/f042x32jfm94d3cgaga8d6xl8vy6sg46-openjdk-21.0.5+11/lib/openjdk/lib/src.zip!/java.management.rmi" type="simple" />
            <root url="jar:///nix/store/f042x32jfm94d3cgaga8d6xl8vy6sg46-openjdk-21.0.5+11/lib/openjdk/lib/src.zip!/java.transaction.xa" type="simple" />
            <root url="jar:///nix/store/f042x32jfm94d3cgaga8d6xl8vy6sg46-openjdk-21.0.5+11/lib/openjdk/lib/src.zip!/jdk.crypto.cryptoki" type="simple" />
            <root url="jar:///nix/store/f042x32jfm94d3cgaga8d6xl8vy6sg46-openjdk-21.0.5+11/lib/openjdk/lib/src.zip!/jdk.incubator.vector" type="simple" />
            <root url="jar:///nix/store/f042x32jfm94d3cgaga8d6xl8vy6sg46-openjdk-21.0.5+11/lib/openjdk/lib/src.zip!/jdk.internal.jvmstat" type="simple" />
            <root url="jar:///nix/store/f042x32jfm94d3cgaga8d6xl8vy6sg46-openjdk-21.0.5+11/lib/openjdk/lib/src.zip!/jdk.management.agent" type="simple" />
            <root url="jar:///nix/store/f042x32jfm94d3cgaga8d6xl8vy6sg46-openjdk-21.0.5+11/lib/openjdk/lib/src.zip!/jdk.unsupported.desktop" type="simple" />
            <root url="jar:///nix/store/f042x32jfm94d3cgaga8d6xl8vy6sg46-openjdk-21.0.5+11/lib/openjdk/lib/src.zip!/jdk.internal.vm.compiler" type="simple" />
            <root url="jar:///nix/store/f042x32jfm94d3cgaga8d6xl8vy6sg46-openjdk-21.0.5+11/lib/openjdk/lib/src.zip!/jdk.internal.vm.compiler.management" type="simple" />
          </root>
        </sourcePath>
      </roots>
    </jdk>
  </component>
</application>