<application>
  <component name="ProjectManager">
    <defaultProject>
      <component name="PropertiesComponent"><![CDATA[{}]]></component>
      <component name="WindowStateProjectService">
        <state x="705" y="361" width="509" height="266" key="#com.intellij.ide.actions.ChooseComponentsToExportDialog" timestamp="1733919316919">
          <screen x="0" y="34" width="1920" height="1046" />
        </state>
        <state x="705" y="361" width="509" height="266" key="#com.intellij.ide.actions.ChooseComponentsToExportDialog/0.34.1920.1046" timestamp="1733919316919" />
      </component>
    </defaultProject>
  </component>
</application>