<application>
  <component name="Trusted.Paths">
    <option name="TRUSTED_PROJECT_PATHS">
      <map>
        <entry key="$USER_HOME$/Sync/code/WompHealth" value="true" />
        <entry key="$USER_HOME$/Sync/code/WompHealth/DBConsumer" value="true" />
        <entry key="$USER_HOME$/Sync/code/WompHealth/api" value="true" />
        <entry key="$USER_HOME$/Sync/code/minecraft/hans-magic" value="true" />
        <entry key="$USER_HOME$/Sync/code/minecraft/inkomancy" value="true" />
      </map>
    </option>
  </component>
</application>