<application>
  <component name="DimensionService">
    <location key="find.popup.0.0.1920.1080" x="724" y="169" />
    <location key="REMOTE_DEVELOPMENT_CONNECTION.0.0.1920.1080" x="555" y="217" />
    <size key="GridCell.Tab.0.left.0.0.1920.1080" width="1838" height="303" />
    <size key="GridCell.Tab.0.center.0.0.1920.1080" width="1838" height="303" />
    <size key="GridCell.Tab.0.right.0.0.1920.1080" width="1838" height="303" />
    <size key="GridCell.Tab.0.bottom.0.0.1920.1080" width="1838" height="303" />
    <size key="GridCell.Tab.1.left.0.0.1920.1080" width="1838" height="304" />
    <size key="GridCell.Tab.1.center.0.0.1920.1080" width="1838" height="304" />
    <size key="GridCell.Tab.1.right.0.0.1920.1080" width="1838" height="304" />
    <size key="GridCell.Tab.1.bottom.0.0.1920.1080" width="1838" height="304" />
    <size key="GridCell.Tab.2.left.0.0.1920.1080" width="1838" height="304" />
    <size key="GridCell.Tab.2.center.0.0.1920.1080" width="1838" height="304" />
    <size key="GridCell.Tab.2.right.0.0.1920.1080" width="1838" height="304" />
    <size key="GridCell.Tab.2.bottom.0.0.1920.1080" width="1838" height="304" />
    <size key="GridCell.Tab.3.left.0.0.1920.1080" width="1838" height="304" />
    <size key="GridCell.Tab.3.center.0.0.1920.1080" width="1838" height="304" />
    <size key="GridCell.Tab.3.right.0.0.1920.1080" width="1838" height="304" />
    <size key="GridCell.Tab.3.bottom.0.0.1920.1080" width="1838" height="304" />
    <size key="find.popup.0.0.1920.1080" width="649" height="864" />
    <size key="REMOTE_DEVELOPMENT_CONNECTION.0.0.1920.1080" width="810" height="686" />
  </component>
  <component name="WindowManager">
    <frame x="0" y="34" width="1920" height="1046" extendedState="6" />
  </component>
  <component name="WindowStateApplicationService">
    <state x="720" y="233" width="470" height="522" key="FileChooserDialogImpl" timestamp="1733919357873">
      <screen x="0" y="34" width="1920" height="1046" />
    </state>
    <state x="720" y="233" width="470" height="522" key="FileChooserDialogImpl/0.34.1920.1046" timestamp="1733919357873" />
    <state width="625" height="147" key="ShowUsagesActions.dimensionServiceKey" timestamp="1734643864064">
      <screen x="0" y="34" width="1920" height="1046" />
    </state>
    <state width="625" height="147" key="ShowUsagesActions.dimensionServiceKey/0.34.1920.1046" timestamp="1734643864064" />
    <state x="960" y="491" width="800" height="650" key="WELCOME_SCREEN" timestamp="1733919319534">
      <screen x="0" y="34" width="1920" height="1046" />
    </state>
    <state x="960" y="491" width="800" height="650" key="WELCOME_SCREEN/0.34.1920.1046" timestamp="1733919319534" />
    <state width="300" height="524" key="manage.recent.projects.popup" timestamp="1733961087592">
      <screen x="0" y="34" width="1920" height="1046" />
    </state>
    <state width="300" height="524" key="manage.recent.projects.popup/0.34.1920.1046" timestamp="1733961087592" />
  </component>
</application>